{"version": "3", "metrics": {"accuracy": 0.9626666666666667, "precision": 0.9449311639549437, "recall": 0.984354628422425, "f1": 0.9642401021711366}, "prev_metrics": {"accuracy": 0.9626666666666667, "precision": 0.9449311639549437, "recall": 0.984354628422425, "f1": 0.9642401021711366}}